model,accuracy,precision,recall,f1_score
Decision Tree,0.8780487804878049,0.8974358974358975,0.9722222222222222,0.9333333333333333
Random Forest,0.8780487804878049,0.8974358974358975,0.9722222222222222,0.9333333333333333
Logistic Regression,0.8536585365853658,0.875,0.9722222222222222,0.9210526315789473
